epoch,loss
1,48298741943.98847
2,36429254991.69218
3,25453193144.14035
4,16785980551.300959
5,10536173514.105263
6,6313340917.021442
7,3612955347.456564
8,1973673727.251462
9,1028848132.1223832
10,512064898.56021696
11,243769792.62106958
12,111348912.72073905
13,49012046.959233835
14,20891996.676328503
15,8667179.181371303
16,3513888.872192559
17,1394303.0894355455
18,538576.8447379015
19,198115.53242329857
20,65584.40743786549
