epoch,loss
1,19445.731429527164
2,11802.623072982882
3,11223.101712111882
4,11022.70331286324
5,10788.526507753852
6,10628.757075827318
7,10464.759437502838
8,10380.706328985803
9,10270.867759508566
10,10206.641138502315
11,10102.474816216116
12,10036.386423853903
13,9947.21698709126
14,10219.281756265891
15,13218.486500267936
16,9331.077142076068
17,9258.369638673057
18,9858.217017124784
19,9844.328488098212
20,10880.862731826483
