epoch,loss
1,2732750385.466134
2,29698623.80958954
3,22555231.65555152
4,22549608.833999272
5,35260858.53309117
6,56213825.5571861
7,49068865.43879404
8,44322093.122448236
9,37727830.86804698
10,34356200.993625134
11,35653118.600217946
12,31142427.73677806
13,30928635.089117553
14,34601697.89983257
15,27466146.678745158
16,33714571.76810014
17,35783962.57445807
18,26492227.290310852
19,31456787.98746429
20,31369261.63926928
