epoch,loss
1,17476.906172696043
2,9513.531907828523
3,15640.137112553235
4,4737.41238113896
5,12119.04592674366
6,9195.087441864776
7,12955.152719344595
8,6953.408980013203
9,15516.015677556758
10,5342.4807636885935
11,16407.731035369787
12,4415.0844894578595
13,14753.819953955313
14,162.71888322439807
15,13865.27515540247
16,13706.655345113331
17,13284.21520866771
18,12890.513104675847
19,3324.741047225268
20,23321.09843210362
