epoch,loss
1,36007182.90177134
2,33104312.018645648
3,37662107.70675481
4,40228127.38333757
5,14310812.681752691
6,159803280.0840749
7,15091029.438087974
8,4731687.984151199
9,30725489.64149504
10,1454562.7773910924
11,3794620.287948131
12,73301681.8476142
13,698204.678177176
14,1122169.0654928384
15,124328138.82532418
16,73176.16971810376
17,167756869.76998052
18,35468691.67861683
19,4827158.8642257815
20,30391.30961277174
