epoch,loss
1,75262545019.86197
2,42423367261.076256
3,30793921663.135197
4,20922161167.126286
5,13480484614.217896
6,8282382908.529943
7,4860326387.210849
8,2723896955.1986437
9,1457191863.6123502
10,744125699.716479
11,363113388.09250516
12,169721925.75178593
13,76262846.16268313
14,33094299.90594503
15,13938836.853807967
16,5724696.673562175
17,2300023.724079792
18,903157.3188582152
19,342769.49053267646
20,121507.91710728448
